{
  "providers": {
    "awscloudformation": {
      "AuthRoleName": "amplify-s3uploader-dev-133245-authRole",
      "UnauthRoleArn": "arn:aws:iam::109881088269:role/amplify-s3uploader-dev-133245-unauthRole",
      "AuthRoleArn": "arn:aws:iam::109881088269:role/amplify-s3uploader-dev-133245-authRole",
      "Region": "us-east-2",
      "DeploymentBucketName": "amplify-s3uploader-dev-133245-deployment",
      "UnauthRoleName": "amplify-s3uploader-dev-133245-unauthRole",
      "StackName": "amplify-s3uploader-dev-133245",
      "StackId": "arn:aws:cloudformation:us-east-2:109881088269:stack/amplify-s3uploader-dev-133245/66001e30-628c-11ec-afbe-06b188271be0",
      "AmplifyAppId": "d3pazg3ekpi5jb"
    }
  },
  "auth": {
    "s3uploader7a5c3385": {
      "service": "Cognito",
      "providerPlugin": "awscloudformation",
      "dependsOn": [],
      "customAuth": false,
      "frontendAuthConfig": {
        "socialProviders": [],
        "usernameAttributes": [],
        "signupAttributes": [
          "EMAIL"
        ],
        "passwordProtectionSettings": {
          "passwordPolicyMinLength": 8,
          "passwordPolicyCharacters": []
        },
        "mfaConfiguration": "OFF",
        "mfaTypes": [
          "SMS"
        ],
        "verificationMechanisms": [
          "EMAIL"
        ]
      },
      "providerMetadata": {
        "s3TemplateURL": "https://s3.amazonaws.com/amplify-s3uploader-dev-133245-deployment/amplify-cfn-templates/auth/s3uploader7a5c3385-cloudformation-template.json",
        "logicalId": "auths3uploader7a5c3385"
      },
      "lastPushTimeStamp": "2021-12-22T06:50:26.717Z",
      "output": {
        "UserPoolId": "us-east-2_mMLHRZ3Dc",
        "AppClientIDWeb": "59geb4c8ejacfrl18ggn7sf4q4",
        "AppClientID": "4c6b1rncnjvr7i6ch44chkiqj8",
        "IdentityPoolId": "us-east-2:365a491f-58cf-42c0-8b9c-56cc60f8699c",
        "UserPoolArn": "arn:aws:cognito-idp:us-east-2:109881088269:userpool/us-east-2_mMLHRZ3Dc",
        "IdentityPoolName": "s3uploader7a5c3385_identitypool_7a5c3385__dev",
        "UserPoolName": "s3uploader7a5c3385_userpool_7a5c3385"
      },
      "lastPushDirHash": "6e5WlbUl4eX3yGWcOiFYt1DEB5E="
    }
  },
  "storage": {
    "s3upload": {
      "service": "S3",
      "providerPlugin": "awscloudformation",
      "dependsOn": [],
      "providerMetadata": {
        "s3TemplateURL": "https://s3.amazonaws.com/amplify-s3uploader-dev-133245-deployment/amplify-cfn-templates/storage/cloudformation-template.json",
        "logicalId": "storages3upload"
      },
      "lastPushTimeStamp": "2021-12-22T06:50:26.720Z",
      "output": {
        "BucketName": "s3koikerupload133245-dev",
        "Region": "us-east-2"
      },
      "lastPushDirHash": "0betMjJB54G3XwbzhipOYrfdikM="
    }
  },
  "hosting": {
    "S3AndCloudFront": {
      "service": "S3AndCloudFront",
      "providerPlugin": "awscloudformation",
      "providerMetadata": {
        "s3TemplateURL": "https://s3.amazonaws.com/amplify-s3uploader-dev-133245-deployment/amplify-cfn-templates/hosting/template.json",
        "logicalId": "hostingS3AndCloudFront"
      },
      "lastPushTimeStamp": "2021-12-22T06:50:26.742Z",
      "output": {
        "S3BucketSecureURL": "https://s3uploader-20211222013822-hostingbucket-dev.s3.amazonaws.com",
        "WebsiteURL": "http://s3uploader-20211222013822-hostingbucket-dev.s3-website.us-east-2.amazonaws.com",
        "Region": "us-east-2",
        "HostingBucketName": "s3uploader-20211222013822-hostingbucket-dev"
      },
      "lastPushDirHash": "Wa/HFJFKMVs1qbUtHpg5BrX4OZc="
    }
  }
}